-100.0,-100.0,-100.0,-100.0,-100.0,-100.0,-100.0,-100.0,-100.0,-100.0,-100.0,-100.0,-100.0,-100.0,-100.0,-100.0,-100.0,-100.0,-100.0,-100.0,-100.0,-100.0,-100.0,-100.0,-100.0,-100.0,-100.0,-100.0,-100.0,-100.0,-100.0,-100.0,-100.0,-100.0,-100.0,-100.0,-100.0,-100.0,-100.0,-100.0,-100.0,-100.0,-100.0,-100.0,-100.0,-100.0,-100.0,-100.0,-100.0,-100.0,-100.0,-100.0,-100.0,-100.0,-100.0,-100.0,-100.0,-100.0,-100.0,-100.0,-100.0,-100.0,-100.0,-100.0,-100.0,-100.0,-100.0,-100.0,-100.0,-100.0,-100.0,-100.0,-100.0,-100.0,-100.0,-100.0,-100.0,-100.0,-100.0,-100.0,-100.0,-100.0,-100.0,-100.0,-100.0,-100.0,-100.0,-99.26086956521739,-100.0,-100.0,-100.0,-100.0,-100.0,-100.0,-100.0,-100.0,-100.0,-100.0,-100.0,-100.0,-100.0,-100.0,-100.0,-100.0,-100.0,-100.0,-100.0,-100.0,-100.0,-100.0,-100.0,-100.0,-91.04347826086956,-70.69565217391305,-100.0,-99.65217391304348,-100.0,-95.0,-97.52173913043478,-100.0,-100.0,-100.0,-100.0,-100.0,-97.69565217391305,-100.0,-75.52173913043478,-91.91304347826087,-93.65217391304348,-100.0,-100.0,-99.6086956521739,-92.52173913043478,-100.0,-94.73913043478261,-100.0,-94.52173913043478,-99.65217391304348,-100.0,-100.0,-100.0,-100.0,-100.0,-100.0,-93.8695652173913,-100.0,-100.0,-100.0,-100.0,-100.0,-100.0,-100.0,-100.0,-100.0,-100.0,-100.0,-100.0,-100.0,-100.0,-100.0,-100.0,-100.0,-100.0,-100.0,-100.0,-100.0,-100.0,-100.0,-99.34782608695652,-100.0,-100.0,-100.0,-100.0,-100.0,-100.0,-100.0,-100.0,-99.1304347826087,-100.0,-100.0,-100.0,-100.0,-100.0,-100.0,-100.0,-100.0,-100.0,-100.0,-100.0,-100.0,-100.0,-99.56521739130434,-100.0,-98.0,-100.0,-100.0,-100.0,-100.0,-100.0,-100.0,-100.0,-100.0,-100.0,-100.0,-100.0,-100.0,-100.0,-100.0,-100.0,-100.0,-100.0,-100.0,-100.0,-100.0,-100.0,-100.0,-100.0,-100.0,-97.82608695652173,-98.73913043478261,-99.1304347826087,-100.0,-100.0,-100.0,-100.0,-100.0,-100.0,-100.0,-100.0,-100.0,-100.0,-100.0,-100.0,-100.0,-100.0,-100.0,-100.0,-100.0,-100.0,-100.0,-100.0,-100.0,-100.0,-100.0,-100.0,-100.0,-100.0,-100.0,-100.0,-100.0,-100.0,-100.0,-100.0,-100.0,-100.0,-100.0,-100.0,-100.0,-100.0,-100.0,-90.21739130434783,-99.69565217391305,-100.0,-99.30434782608695,-99.52173913043478,-86.26086956521739,-85.6086956521739,-90.95652173913044,-100.0,-100.0,-98.56521739130434,-96.0,-96.26086956521739,-99.56521739130434,-99.21739130434783,-99.34782608695652,-100.0,-100.0,-100.0,-100.0,-100.0,-100.0,-100.0,-100.0,-100.0,-100.0,-100.0,-100.0,-100.0,-100.0,-100.0,-100.0,-98.95652173913044,-97.91304347826087,-100.0,-100.0,-100.0,-99.6086956521739,-100.0,-100.0,-100.0,-100.0,-98.8695652173913,-99.21739130434783,-100.0,-99.1304347826087,-100.0,-100.0,-100.0,-99.47826086956522,-99.52173913043478,-100.0,-99.43478260869566,-100.0,-100.0,-100.0,-100.0,-100.0,-100.0,-100.0,-100.0,-100.0,-100.0,-100.0,-100.0,-100.0,-100.0,-100.0,-100.0,-100.0,70.46256256103516,38.74562454223633
-100.0,-100.0,-100.0,-100.0,-100.0,-100.0,-100.0,-100.0,-100.0,-100.0,-100.0,-100.0,-100.0,-100.0,-100.0,-100.0,-100.0,-100.0,-100.0,-100.0,-100.0,-100.0,-100.0,-100.0,-100.0,-100.0,-100.0,-100.0,-100.0,-100.0,-100.0,-100.0,-100.0,-100.0,-100.0,-100.0,-100.0,-100.0,-100.0,-100.0,-100.0,-96.23809523809524,-100.0,-100.0,-100.0,-99.04761904761905,-100.0,-100.0,-100.0,-92.23809523809524,-100.0,-100.0,-100.0,-100.0,-100.0,-100.0,-100.0,-91.61904761904762,-100.0,-100.0,-98.19047619047619,-98.0,-97.95238095238095,-100.0,-100.0,-100.0,-99.80952380952381,-100.0,-100.0,-100.0,-98.0,-95.0952380952381,-96.19047619047619,-98.0,-98.95238095238095,-97.66666666666667,-99.57142857142857,-92.14285714285714,-93.61904761904762,-99.52380952380952,-88.52380952380952,-84.9047619047619,-100.0,-98.14285714285714,-100.0,-98.38095238095238,-97.57142857142857,-88.23809523809524,-100.0,-80.04761904761905,-86.52380952380952,-99.0952380952381,-94.38095238095238,-98.9047619047619,-97.66666666666667,-100.0,-100.0,-97.76190476190476,-98.85714285714286,-100.0,-100.0,-94.85714285714286,-99.19047619047619,-100.0,-98.95238095238095,-100.0,-96.14285714285714,-93.57142857142857,-100.0,-99.04761904761905,-100.0,-95.52380952380952,-56.666666666666664,-82.19047619047619,-100.0,-85.9047619047619,-100.0,-91.28571428571429,-83.47619047619048,-97.23809523809524,-96.57142857142857,-100.0,-100.0,-93.85714285714286,-90.0,-91.66666666666667,-67.52380952380952,-91.57142857142857,-64.23809523809524,-93.33333333333333,-97.80952380952381,-92.38095238095238,-62.04761904761905,-98.71428571428571,-94.04761904761905,-94.71428571428571,-74.0952380952381,-100.0,-99.42857142857143,-100.0,-97.33333333333333,-100.0,-100.0,-100.0,-96.23809523809524,-100.0,-100.0,-100.0,-100.0,-100.0,-100.0,-100.0,-100.0,-100.0,-100.0,-100.0,-100.0,-100.0,-100.0,-100.0,-100.0,-100.0,-100.0,-100.0,-98.33333333333333,-100.0,-100.0,-100.0,-98.80952380952381,-100.0,-100.0,-100.0,-100.0,-100.0,-100.0,-100.0,-100.0,-89.80952380952381,-100.0,-100.0,-100.0,-100.0,-100.0,-100.0,-100.0,-100.0,-100.0,-100.0,-100.0,-100.0,-100.0,-99.0,-86.85714285714286,-94.0952380952381,-100.0,-100.0,-100.0,-100.0,-100.0,-100.0,-100.0,-100.0,-100.0,-100.0,-100.0,-100.0,-100.0,-100.0,-100.0,-100.0,-100.0,-100.0,-100.0,-100.0,-100.0,-100.0,-97.66666666666667,-100.0,-97.0952380952381,-99.33333333333333,-98.38095238095238,-100.0,-100.0,-100.0,-100.0,-100.0,-100.0,-100.0,-100.0,-100.0,-100.0,-100.0,-100.0,-100.0,-100.0,-100.0,-100.0,-100.0,-100.0,-100.0,-100.0,-100.0,-100.0,-100.0,-100.0,-100.0,-100.0,-100.0,-100.0,-100.0,-100.0,-100.0,-100.0,-100.0,-100.0,-100.0,-100.0,-100.0,-100.0,-100.0,-98.85714285714286,-100.0,-100.0,-100.0,-100.0,-100.0,-99.33333333333333,-99.57142857142857,-100.0,-100.0,-100.0,-100.0,-100.0,-100.0,-100.0,-100.0,-100.0,-100.0,-100.0,-100.0,-100.0,-100.0,-100.0,-89.42857142857143,-100.0,-100.0,-100.0,-100.0,-100.0,-100.0,-100.0,-100.0,-100.0,-98.9047619047619,-100.0,-100.0,-100.0,-100.0,-100.0,-100.0,-100.0,-100.0,-100.0,-100.0,-100.0,-100.0,-100.0,-100.0,-100.0,-100.0,-100.0,-100.0,-100.0,-100.0,-100.0,-100.0,-100.0,-100.0,-100.0,-100.0,-100.0,-100.0,-100.0,-100.0,-100.0,-100.0,-100.0,-100.0,-100.0,-100.0,57.02735900878906,42.739742279052734
-100.0,-100.0,-100.0,-100.0,-100.0,-100.0,-100.0,-100.0,-100.0,-100.0,-100.0,-100.0,-100.0,-100.0,-100.0,-100.0,-100.0,-100.0,-100.0,-100.0,-100.0,-100.0,-100.0,-100.0,-100.0,-100.0,-100.0,-100.0,-100.0,-100.0,-100.0,-100.0,-100.0,-100.0,-100.0,-100.0,-100.0,-100.0,-100.0,-100.0,-100.0,-90.9047619047619,-100.0,-100.0,-100.0,-98.42857142857143,-100.0,-99.28571428571429,-100.0,-89.19047619047619,-100.0,-98.47619047619048,-100.0,-100.0,-98.95238095238095,-100.0,-100.0,-99.38095238095238,-100.0,-100.0,-98.52380952380952,-99.14285714285714,-83.76190476190476,-100.0,-100.0,-100.0,-99.38095238095238,-100.0,-100.0,-100.0,-98.28571428571429,-100.0,-83.57142857142857,-97.0,-88.85714285714286,-90.95238095238095,-97.33333333333333,-87.57142857142857,-91.95238095238095,-96.66666666666667,-100.0,-100.0,-100.0,-97.42857142857143,-100.0,-95.66666666666667,-88.66666666666667,-85.85714285714286,-100.0,-100.0,-100.0,-100.0,-88.57142857142857,-95.52380952380952,-94.52380952380952,-100.0,-100.0,-100.0,-97.80952380952381,-100.0,-100.0,-92.71428571428571,-100.0,-100.0,-100.0,-100.0,-91.61904761904762,-91.52380952380952,-100.0,-97.61904761904762,-100.0,-97.0952380952381,-95.23809523809524,-84.61904761904762,-100.0,-97.66666666666667,-100.0,-100.0,-89.76190476190476,-93.80952380952381,-94.28571428571429,-100.0,-100.0,-90.47619047619048,-90.14285714285714,-89.47619047619048,-90.19047619047619,-71.47619047619048,-96.42857142857143,-97.47619047619048,-98.38095238095238,-89.0,-90.66666666666667,-98.61904761904762,-78.23809523809524,-97.76190476190476,-93.61904761904762,-92.38095238095238,-85.76190476190476,-100.0,-96.19047619047619,-99.52380952380952,-100.0,-100.0,-79.61904761904762,-100.0,-100.0,-100.0,-99.23809523809524,-100.0,-100.0,-100.0,-100.0,-100.0,-100.0,-100.0,-100.0,-100.0,-100.0,-100.0,-100.0,-100.0,-100.0,-100.0,-100.0,-100.0,-100.0,-100.0,-88.71428571428571,-100.0,-100.0,-100.0,-100.0,-100.0,-100.0,-100.0,-100.0,-90.0,-100.0,-100.0,-100.0,-100.0,-100.0,-100.0,-100.0,-100.0,-100.0,-100.0,-100.0,-100.0,-100.0,-87.0,-98.0952380952381,-97.61904761904762,-100.0,-100.0,-100.0,-100.0,-100.0,-100.0,-100.0,-100.0,-100.0,-100.0,-100.0,-100.0,-100.0,-100.0,-100.0,-100.0,-100.0,-100.0,-100.0,-100.0,-100.0,-100.0,-97.85714285714286,-100.0,-84.23809523809524,-95.33333333333333,-95.33333333333333,-100.0,-100.0,-100.0,-100.0,-100.0,-100.0,-100.0,-100.0,-100.0,-100.0,-100.0,-100.0,-100.0,-100.0,-100.0,-100.0,-100.0,-100.0,-100.0,-100.0,-100.0,-100.0,-100.0,-100.0,-100.0,-100.0,-100.0,-100.0,-100.0,-100.0,-100.0,-100.0,-100.0,-100.0,-100.0,-100.0,-100.0,-100.0,-100.0,-97.9047619047619,-100.0,-100.0,-100.0,-100.0,-97.61904761904762,-97.38095238095238,-98.57142857142857,-100.0,-100.0,-99.47619047619048,-98.85714285714286,-98.85714285714286,-100.0,-100.0,-100.0,-100.0,-100.0,-100.0,-100.0,-100.0,-100.0,-100.0,-98.57142857142857,-94.9047619047619,-98.9047619047619,-100.0,-100.0,-100.0,-100.0,-100.0,-100.0,-98.76190476190476,-99.57142857142857,-100.0,-100.0,-100.0,-100.0,-100.0,-100.0,-100.0,-100.0,-100.0,-100.0,-100.0,-100.0,-100.0,-100.0,-100.0,-100.0,-100.0,-100.0,-100.0,-99.57142857142857,-100.0,-100.0,-100.0,-100.0,-100.0,-100.0,-100.0,-100.0,-100.0,-100.0,-100.0,-100.0,-100.0,-100.0,-100.0,-100.0,52.74972915649414,56.185428619384766
-100.0,-100.0,-99.39024390243902,-99.29268292682927,-100.0,-100.0,-100.0,-100.0,-100.0,-100.0,-100.0,-100.0,-100.0,-100.0,-100.0,-100.0,-100.0,-100.0,-100.0,-100.0,-100.0,-100.0,-100.0,-100.0,-100.0,-100.0,-100.0,-100.0,-100.0,-100.0,-100.0,-100.0,-100.0,-100.0,-100.0,-100.0,-100.0,-100.0,-100.0,-100.0,-100.0,-89.04878048780488,-100.0,-100.0,-100.0,-97.2439024390244,-100.0,-98.73170731707317,-100.0,-91.1219512195122,-99.90243902439025,-98.97560975609755,-100.0,-100.0,-96.41463414634147,-100.0,-100.0,-100.0,-100.0,-100.0,-97.82926829268293,-99.39024390243902,-87.65853658536585,-98.34146341463415,-100.0,-100.0,-99.41463414634147,-99.5609756097561,-99.7560975609756,-100.0,-98.82926829268293,-100.0,-85.1219512195122,-95.02439024390245,-86.14634146341463,-88.21951219512195,-96.8048780487805,-82.48780487804878,-90.3170731707317,-95.60975609756098,-100.0,-100.0,-100.0,-93.92682926829268,-100.0,-96.90243902439025,-93.26829268292683,-86.51219512195122,-100.0,-99.04878048780488,-100.0,-100.0,-85.85365853658537,-93.53658536585365,-94.4390243902439,-100.0,-100.0,-99.63414634146342,-98.34146341463415,-100.0,-100.0,-93.09756097560975,-100.0,-100.0,-99.41463414634147,-100.0,-90.65853658536585,-87.39024390243902,-100.0,-98.7560975609756,-100.0,-95.3170731707317,-90.21951219512195,-85.36585365853658,-100.0,-97.09756097560975,-100.0,-99.48780487804878,-82.97560975609755,-95.17073170731707,-91.6829268292683,-100.0,-100.0,-90.6829268292683,-87.26829268292683,-86.5609756097561,-87.95121951219512,-74.78048780487805,-91.70731707317073,-96.46341463414635,-96.8048780487805,-91.51219512195122,-89.04878048780488,-96.29268292682927,-81.29268292682927,-93.04878048780488,-95.04878048780488,-95.65853658536585,-87.09756097560975,-100.0,-96.39024390243902,-99.65853658536585,-100.0,-100.0,-80.3170731707317,-100.0,-100.0,-100.0,-99.3170731707317,-100.0,-100.0,-100.0,-100.0,-100.0,-100.0,-100.0,-100.0,-100.0,-100.0,-100.0,-100.0,-100.0,-100.0,-100.0,-100.0,-100.0,-100.0,-99.39024390243902,-89.02439024390245,-100.0,-100.0,-100.0,-100.0,-100.0,-100.0,-100.0,-100.0,-86.63414634146342,-100.0,-100.0,-100.0,-100.0,-100.0,-100.0,-100.0,-100.0,-100.0,-100.0,-100.0,-100.0,-100.0,-90.70731707317073,-91.39024390243902,-94.7560975609756,-100.0,-100.0,-100.0,-100.0,-100.0,-100.0,-100.0,-100.0,-100.0,-100.0,-100.0,-100.0,-100.0,-100.0,-100.0,-100.0,-100.0,-100.0,-100.0,-100.0,-100.0,-100.0,-95.60975609756098,-100.0,-85.60975609756098,-94.51219512195122,-95.46341463414635,-100.0,-100.0,-100.0,-100.0,-100.0,-100.0,-100.0,-100.0,-100.0,-100.0,-100.0,-100.0,-100.0,-100.0,-100.0,-100.0,-100.0,-100.0,-100.0,-100.0,-100.0,-100.0,-100.0,-100.0,-100.0,-100.0,-100.0,-100.0,-100.0,-100.0,-100.0,-100.0,-100.0,-100.0,-100.0,-100.0,-100.0,-100.0,-100.0,-98.07317073170732,-100.0,-100.0,-100.0,-100.0,-96.97560975609755,-97.39024390243902,-98.17073170731707,-100.0,-100.0,-99.3170731707317,-99.34146341463415,-98.2439024390244,-100.0,-100.0,-100.0,-100.0,-100.0,-100.0,-100.0,-100.0,-100.0,-100.0,-95.1951219512195,-94.5609756097561,-97.78048780487805,-100.0,-100.0,-100.0,-100.0,-100.0,-100.0,-98.1951219512195,-99.46341463414635,-100.0,-100.0,-100.0,-100.0,-100.0,-100.0,-100.0,-100.0,-100.0,-100.0,-100.0,-100.0,-100.0,-99.8048780487805,-100.0,-100.0,-100.0,-100.0,-100.0,-99.5609756097561,-100.0,-100.0,-100.0,-100.0,-100.0,-100.0,-100.0,-100.0,-100.0,-100.0,-100.0,-100.0,-100.0,-100.0,-100.0,-100.0,49.98106384277344,52.17837905883789
-100.0,-100.0,-100.0,-100.0,-100.0,-100.0,-100.0,-100.0,-100.0,-100.0,-100.0,-100.0,-100.0,-100.0,-100.0,-100.0,-100.0,-100.0,-100.0,-100.0,-100.0,-100.0,-100.0,-100.0,-100.0,-100.0,-100.0,-100.0,-100.0,-100.0,-100.0,-100.0,-100.0,-100.0,-100.0,-100.0,-100.0,-100.0,-100.0,-100.0,-100.0,-86.85714285714286,-100.0,-100.0,-100.0,-100.0,-100.0,-99.28571428571429,-100.0,-88.71428571428571,-100.0,-99.19047619047619,-100.0,-100.0,-99.57142857142857,-100.0,-100.0,-99.38095238095238,-100.0,-100.0,-97.33333333333333,-99.42857142857143,-87.04761904761905,-99.52380952380952,-100.0,-100.0,-98.80952380952381,-100.0,-100.0,-100.0,-99.33333333333333,-100.0,-81.66666666666667,-96.33333333333333,-94.57142857142857,-95.80952380952381,-98.47619047619048,-90.95238095238095,-96.33333333333333,-97.71428571428571,-100.0,-100.0,-100.0,-96.76190476190476,-100.0,-96.80952380952381,-90.33333333333333,-85.28571428571429,-100.0,-100.0,-100.0,-99.0,-89.04761904761905,-95.80952380952381,-98.19047619047619,-98.85714285714286,-100.0,-100.0,-99.38095238095238,-100.0,-100.0,-90.76190476190476,-100.0,-100.0,-98.28571428571429,-100.0,-95.57142857142857,-92.04761904761905,-100.0,-98.76190476190476,-100.0,-93.76190476190476,-91.76190476190476,-87.71428571428571,-100.0,-98.66666666666667,-100.0,-100.0,-88.04761904761905,-96.14285714285714,-93.04761904761905,-100.0,-100.0,-90.28571428571429,-86.38095238095238,-91.52380952380952,-90.28571428571429,-69.57142857142857,-93.0952380952381,-98.0,-98.80952380952381,-90.04761904761905,-91.14285714285714,-98.76190476190476,-75.04761904761905,-95.0952380952381,-93.47619047619048,-85.19047619047619,-83.28571428571429,-100.0,-94.38095238095238,-99.33333333333333,-100.0,-100.0,-77.71428571428571,-100.0,-100.0,-100.0,-100.0,-100.0,-100.0,-100.0,-100.0,-100.0,-100.0,-100.0,-100.0,-100.0,-100.0,-100.0,-100.0,-100.0,-100.0,-100.0,-100.0,-100.0,-100.0,-98.95238095238095,-86.61904761904762,-100.0,-100.0,-100.0,-100.0,-100.0,-100.0,-100.0,-100.0,-89.47619047619048,-100.0,-100.0,-100.0,-100.0,-100.0,-100.0,-100.0,-100.0,-100.0,-100.0,-100.0,-100.0,-100.0,-88.61904761904762,-96.42857142857143,-95.0,-100.0,-100.0,-100.0,-100.0,-100.0,-100.0,-100.0,-100.0,-100.0,-100.0,-100.0,-100.0,-100.0,-100.0,-100.0,-100.0,-100.0,-100.0,-100.0,-100.0,-100.0,-100.0,-97.95238095238095,-100.0,-86.71428571428571,-92.61904761904762,-93.66666666666667,-100.0,-100.0,-100.0,-100.0,-100.0,-100.0,-100.0,-100.0,-100.0,-100.0,-100.0,-100.0,-100.0,-100.0,-100.0,-100.0,-100.0,-100.0,-100.0,-100.0,-100.0,-100.0,-100.0,-100.0,-100.0,-100.0,-100.0,-100.0,-100.0,-100.0,-100.0,-100.0,-100.0,-100.0,-100.0,-100.0,-100.0,-100.0,-100.0,-100.0,-100.0,-100.0,-100.0,-100.0,-97.19047619047619,-99.04761904761905,-100.0,-100.0,-100.0,-100.0,-100.0,-100.0,-100.0,-100.0,-100.0,-100.0,-100.0,-100.0,-100.0,-100.0,-100.0,-100.0,-98.0,-92.0952380952381,-96.61904761904762,-100.0,-100.0,-100.0,-100.0,-100.0,-100.0,-99.42857142857143,-98.95238095238095,-100.0,-100.0,-100.0,-100.0,-100.0,-100.0,-100.0,-100.0,-100.0,-100.0,-100.0,-100.0,-100.0,-100.0,-100.0,-100.0,-100.0,-100.0,-100.0,-100.0,-100.0,-100.0,-100.0,-100.0,-100.0,-100.0,-100.0,-100.0,-100.0,-100.0,-100.0,-100.0,-100.0,-100.0,-100.0,-100.0,48.12260055541992,59.37311935424805
-100.0,-100.0,-99.6,-98.7,-100.0,-100.0,-100.0,-100.0,-100.0,-100.0,-100.0,-100.0,-100.0,-100.0,-100.0,-100.0,-100.0,-100.0,-100.0,-100.0,-100.0,-100.0,-100.0,-100.0,-100.0,-100.0,-100.0,-100.0,-100.0,-100.0,-100.0,-100.0,-100.0,-100.0,-100.0,-100.0,-100.0,-100.0,-100.0,-100.0,-100.0,-84.1,-100.0,-100.0,-100.0,-94.85,-100.0,-99.15,-100.0,-86.95,-100.0,-97.85,-100.0,-100.0,-96.85,-100.0,-100.0,-99.35,-100.0,-100.0,-94.8,-96.8,-84.55,-98.65,-100.0,-100.0,-98.3,-100.0,-99.55,-100.0,-96.9,-100.0,-84.8,-90.75,-86.85,-88.7,-96.25,-83.15,-88.6,-91.1,-100.0,-99.7,-100.0,-92.6,-100.0,-89.1,-88.6,-81.4,-99.55,-99.0,-98.1,-100.0,-83.65,-91.75,-90.3,-100.0,-100.0,-97.95,-96.6,-100.0,-100.0,-85.15,-100.0,-100.0,-98.2,-100.0,-91.25,-87.55,-100.0,-99.3,-100.0,-95.15,-84.2,-88.5,-100.0,-96.4,-100.0,-96.75,-73.8,-95.1,-89.15,-100.0,-100.0,-88.55,-85.5,-79.95,-82.9,-78.3,-88.85,-97.55,-97.5,-87.75,-86.6,-96.7,-84.35,-94.0,-86.15,-94.1,-92.55,-100.0,-90.7,-98.3,-100.0,-100.0,-88.2,-100.0,-100.0,-100.0,-99.5,-100.0,-100.0,-100.0,-100.0,-100.0,-100.0,-100.0,-100.0,-100.0,-100.0,-100.0,-100.0,-100.0,-100.0,-100.0,-100.0,-100.0,-100.0,-96.15,-89.9,-100.0,-100.0,-100.0,-100.0,-100.0,-100.0,-100.0,-100.0,-77.85,-100.0,-100.0,-100.0,-100.0,-100.0,-100.0,-100.0,-100.0,-100.0,-100.0,-100.0,-100.0,-100.0,-92.25,-84.65,-88.75,-100.0,-100.0,-100.0,-100.0,-100.0,-100.0,-100.0,-100.0,-100.0,-100.0,-100.0,-100.0,-100.0,-100.0,-100.0,-100.0,-100.0,-100.0,-100.0,-100.0,-100.0,-100.0,-95.9,-100.0,-90.05,-95.5,-95.6,-100.0,-100.0,-100.0,-100.0,-100.0,-100.0,-100.0,-100.0,-100.0,-100.0,-100.0,-100.0,-100.0,-100.0,-100.0,-100.0,-100.0,-100.0,-100.0,-100.0,-100.0,-100.0,-100.0,-100.0,-100.0,-100.0,-100.0,-100.0,-100.0,-100.0,-100.0,-100.0,-100.0,-100.0,-100.0,-100.0,-100.0,-100.0,-100.0,-100.0,-100.0,-100.0,-100.0,-100.0,-99.0,-99.0,-100.0,-100.0,-100.0,-100.0,-100.0,-99.1,-100.0,-100.0,-100.0,-100.0,-100.0,-100.0,-100.0,-100.0,-100.0,-100.0,-91.7,-98.25,-99.3,-100.0,-100.0,-100.0,-100.0,-100.0,-100.0,-100.0,-98.9,-100.0,-100.0,-100.0,-100.0,-100.0,-100.0,-100.0,-100.0,-100.0,-100.0,-100.0,-100.0,-100.0,-100.0,-100.0,-100.0,-100.0,-100.0,-100.0,-100.0,-100.0,-100.0,-100.0,-100.0,-100.0,-100.0,-100.0,-100.0,-100.0,-100.0,-100.0,-100.0,-100.0,-100.0,-100.0,-100.0,47.8327522277832,49.07124328613281
-100.0,-100.0,-99.23255813953489,-98.86046511627907,-100.0,-100.0,-100.0,-100.0,-100.0,-100.0,-100.0,-100.0,-100.0,-100.0,-100.0,-100.0,-100.0,-100.0,-100.0,-100.0,-100.0,-100.0,-100.0,-100.0,-100.0,-100.0,-100.0,-100.0,-100.0,-100.0,-100.0,-100.0,-100.0,-100.0,-100.0,-100.0,-100.0,-100.0,-100.0,-100.0,-100.0,-83.53488372093024,-100.0,-100.0,-100.0,-90.90697674418605,-100.0,-93.25581395348837,-100.0,-81.67441860465117,-97.67441860465117,-91.5813953488372,-100.0,-100.0,-92.67441860465117,-100.0,-100.0,-97.20930232558139,-100.0,-100.0,-87.72093023255815,-96.27906976744185,-81.27906976744185,-94.81395348837209,-100.0,-100.0,-96.0,-97.72093023255815,-99.44186046511628,-100.0,-94.88372093023256,-99.04651162790698,-73.83720930232558,-84.09302325581395,-81.18604651162791,-84.34883720930233,-87.53488372093024,-75.53488372093024,-80.37209302325581,-84.13953488372093,-99.06976744186046,-99.13953488372093,-100.0,-87.23255813953489,-99.02325581395348,-89.97674418604652,-78.20930232558139,-75.97674418604652,-98.27906976744185,-89.65116279069767,-91.5813953488372,-98.20930232558139,-82.46511627906976,-85.25581395348837,-83.72093023255815,-99.23255813953489,-100.0,-98.55813953488372,-93.37209302325581,-100.0,-100.0,-66.76744186046511,-98.4186046511628,-100.0,-99.04651162790698,-100.0,-87.4186046511628,-80.37209302325581,-100.0,-93.81395348837209,-99.90697674418605,-91.5813953488372,-80.51162790697674,-90.83720930232558,-99.02325581395348,-90.5813953488372,-99.5813953488372,-93.25581395348837,-86.53488372093024,-87.51162790697674,-78.0,-99.48837209302326,-100.0,-84.25581395348837,-88.04651162790698,-72.11627906976744,-89.93023255813954,-85.5813953488372,-84.81395348837209,-96.09302325581395,-93.04651162790698,-86.09302325581395,-76.51162790697674,-92.32558139534883,-91.16279069767442,-84.55813953488372,-86.55813953488372,-99.20930232558139,-96.30232558139535,-100.0,-95.13953488372093,-96.04651162790698,-100.0,-100.0,-96.74418604651163,-100.0,-100.0,-100.0,-99.74418604651163,-100.0,-100.0,-100.0,-100.0,-100.0,-100.0,-100.0,-100.0,-100.0,-100.0,-100.0,-100.0,-100.0,-100.0,-100.0,-100.0,-100.0,-100.0,-97.69767441860465,-93.90697674418605,-100.0,-100.0,-100.0,-99.83720930232558,-100.0,-100.0,-100.0,-100.0,-89.04651162790698,-100.0,-100.0,-100.0,-100.0,-100.0,-100.0,-100.0,-100.0,-100.0,-100.0,-100.0,-99.74418604651163,-100.0,-96.3953488372093,-88.67441860465117,-94.3953488372093,-100.0,-100.0,-100.0,-100.0,-100.0,-100.0,-100.0,-100.0,-100.0,-100.0,-100.0,-100.0,-100.0,-100.0,-100.0,-100.0,-100.0,-100.0,-100.0,-100.0,-100.0,-100.0,-96.97674418604652,-100.0,-95.79069767441861,-98.62790697674419,-99.67441860465117,-100.0,-100.0,-100.0,-100.0,-100.0,-100.0,-100.0,-100.0,-100.0,-100.0,-100.0,-100.0,-100.0,-100.0,-100.0,-100.0,-100.0,-100.0,-100.0,-100.0,-100.0,-100.0,-100.0,-100.0,-100.0,-100.0,-100.0,-100.0,-100.0,-100.0,-100.0,-100.0,-100.0,-100.0,-100.0,-100.0,-100.0,-100.0,-100.0,-100.0,-100.0,-100.0,-100.0,-100.0,-100.0,-100.0,-100.0,-100.0,-100.0,-100.0,-100.0,-100.0,-100.0,-100.0,-100.0,-100.0,-100.0,-100.0,-100.0,-100.0,-100.0,-100.0,-95.02325581395348,-100.0,-100.0,-99.48837209302326,-99.86046511627907,-100.0,-100.0,-94.55813953488372,-100.0,-100.0,-100.0,-100.0,-100.0,-100.0,-100.0,-100.0,-100.0,-100.0,-100.0,-100.0,-100.0,-100.0,-100.0,-100.0,-100.0,-100.0,-100.0,-100.0,-100.0,-100.0,-100.0,-100.0,-100.0,-100.0,-100.0,-100.0,-100.0,-100.0,-100.0,-100.0,-100.0,-100.0,-100.0,-100.0,-100.0,-100.0,-100.0,44.938228607177734,47.13545227050781
-100.0,-100.0,-99.80952380952381,-100.0,-100.0,-100.0,-100.0,-100.0,-100.0,-100.0,-100.0,-100.0,-100.0,-100.0,-100.0,-100.0,-100.0,-100.0,-100.0,-100.0,-100.0,-100.0,-100.0,-100.0,-100.0,-100.0,-100.0,-100.0,-100.0,-100.0,-100.0,-100.0,-100.0,-100.0,-100.0,-100.0,-100.0,-100.0,-100.0,-100.0,-100.0,-85.80952380952381,-100.0,-100.0,-100.0,-94.23809523809524,-100.0,-97.0952380952381,-100.0,-85.19047619047619,-97.66666666666667,-94.52380952380952,-100.0,-100.0,-93.19047619047619,-100.0,-100.0,-99.38095238095238,-100.0,-100.0,-91.95238095238095,-97.47619047619048,-84.9047619047619,-97.0,-100.0,-100.0,-98.23809523809524,-99.42857142857143,-99.57142857142857,-100.0,-96.76190476190476,-100.0,-84.47619047619048,-88.61904761904762,-84.0952380952381,-89.04761904761905,-95.57142857142857,-80.0,-87.71428571428571,-91.04761904761905,-100.0,-100.0,-100.0,-91.19047619047619,-100.0,-95.33333333333333,-85.95238095238095,-83.04761904761905,-100.0,-99.19047619047619,-96.85714285714286,-100.0,-84.71428571428571,-89.61904761904762,-92.0952380952381,-99.80952380952381,-100.0,-99.28571428571429,-92.28571428571429,-100.0,-100.0,-88.42857142857143,-100.0,-100.0,-98.28571428571429,-100.0,-89.52380952380952,-85.80952380952381,-100.0,-96.42857142857143,-99.71428571428571,-92.71428571428571,-87.14285714285714,-87.85714285714286,-100.0,-96.04761904761905,-100.0,-98.0,-74.52380952380952,-94.28571428571429,-91.23809523809524,-100.0,-100.0,-85.52380952380952,-78.76190476190476,-83.0952380952381,-85.47619047619048,-76.61904761904762,-92.23809523809524,-97.0,-97.23809523809524,-88.42857142857143,-87.04761904761905,-96.0,-83.66666666666667,-95.38095238095238,-90.47619047619048,-93.23809523809524,-89.80952380952381,-100.0,-93.33333333333333,-99.14285714285714,-100.0,-100.0,-86.52380952380952,-100.0,-100.0,-100.0,-99.52380952380952,-100.0,-100.0,-100.0,-100.0,-100.0,-100.0,-100.0,-100.0,-100.0,-100.0,-100.0,-100.0,-100.0,-100.0,-100.0,-100.0,-100.0,-100.0,-98.28571428571429,-89.80952380952381,-100.0,-100.0,-100.0,-100.0,-100.0,-100.0,-100.0,-100.0,-78.9047619047619,-100.0,-100.0,-100.0,-100.0,-100.0,-100.0,-100.0,-100.0,-100.0,-100.0,-100.0,-100.0,-100.0,-91.95238095238095,-81.9047619047619,-93.85714285714286,-100.0,-100.0,-100.0,-100.0,-100.0,-100.0,-100.0,-100.0,-100.0,-100.0,-100.0,-100.0,-100.0,-100.0,-100.0,-100.0,-100.0,-100.0,-100.0,-100.0,-100.0,-100.0,-94.57142857142857,-100.0,-94.76190476190476,-94.57142857142857,-93.61904761904762,-100.0,-100.0,-100.0,-100.0,-100.0,-100.0,-100.0,-100.0,-100.0,-100.0,-100.0,-100.0,-100.0,-100.0,-100.0,-100.0,-100.0,-100.0,-100.0,-100.0,-100.0,-100.0,-100.0,-100.0,-100.0,-100.0,-100.0,-100.0,-100.0,-100.0,-100.0,-100.0,-100.0,-100.0,-100.0,-100.0,-100.0,-100.0,-100.0,-100.0,-100.0,-100.0,-100.0,-100.0,-97.71428571428571,-99.04761904761905,-99.71428571428571,-100.0,-100.0,-100.0,-100.0,-99.14285714285714,-100.0,-100.0,-100.0,-100.0,-100.0,-100.0,-100.0,-100.0,-100.0,-100.0,-88.71428571428571,-95.42857142857143,-96.71428571428571,-100.0,-100.0,-100.0,-100.0,-100.0,-100.0,-99.76190476190476,-98.95238095238095,-100.0,-100.0,-100.0,-100.0,-100.0,-100.0,-100.0,-100.0,-100.0,-100.0,-100.0,-100.0,-100.0,-100.0,-100.0,-100.0,-100.0,-100.0,-100.0,-100.0,-100.0,-100.0,-100.0,-100.0,-100.0,-100.0,-100.0,-100.0,-100.0,-100.0,-100.0,-100.0,-100.0,-100.0,-100.0,-100.0,43.251426696777344,52.223052978515625
-100.0,-100.0,-100.0,-99.04761904761905,-100.0,-100.0,-100.0,-100.0,-100.0,-100.0,-100.0,-100.0,-88.95238095238095,-99.19047619047619,-99.80952380952381,-87.04761904761905,-100.0,-100.0,-100.0,-100.0,-100.0,-100.0,-100.0,-94.57142857142857,-100.0,-100.0,-100.0,-100.0,-100.0,-100.0,-100.0,-99.52380952380952,-96.0,-100.0,-100.0,-100.0,-100.0,-100.0,-100.0,-100.0,-100.0,-93.9047619047619,-100.0,-100.0,-100.0,-99.14285714285714,-100.0,-98.0,-100.0,-88.95238095238095,-100.0,-98.04761904761905,-100.0,-100.0,-100.0,-100.0,-100.0,-98.85714285714286,-100.0,-100.0,-94.33333333333333,-95.0952380952381,-97.61904761904762,-100.0,-100.0,-100.0,-99.28571428571429,-100.0,-100.0,-100.0,-95.23809523809524,-100.0,-97.76190476190476,-95.95238095238095,-84.66666666666667,-86.95238095238095,-99.57142857142857,-75.23809523809524,-87.66666666666667,-96.57142857142857,-100.0,-100.0,-100.0,-98.9047619047619,-90.38095238095238,-95.71428571428571,-92.47619047619048,-90.61904761904762,-100.0,-99.04761904761905,-100.0,-100.0,-85.38095238095238,-78.57142857142857,-91.85714285714286,-100.0,-79.71428571428571,-99.0,-96.04761904761905,-100.0,-100.0,-97.42857142857143,-80.80952380952381,-100.0,-100.0,-100.0,-87.52380952380952,-83.95238095238095,-100.0,-99.14285714285714,-85.14285714285714,-94.38095238095238,-93.42857142857143,-96.52380952380952,-98.0,-96.66666666666667,-98.38095238095238,-100.0,-52.38095238095238,-91.04761904761905,-98.0,-94.38095238095238,-99.0,-83.85714285714286,-76.23809523809524,-91.0952380952381,-92.57142857142857,-78.80952380952381,-93.95238095238095,-98.38095238095238,-96.57142857142857,-92.04761904761905,-92.19047619047619,-96.47619047619048,-87.33333333333333,-95.52380952380952,-93.85714285714286,-94.80952380952381,-93.57142857142857,-95.47619047619048,-82.33333333333333,-91.04761904761905,-99.76190476190476,-100.0,-99.71428571428571,-100.0,-100.0,-100.0,-98.85714285714286,-100.0,-87.14285714285714,-100.0,-100.0,-100.0,-100.0,-100.0,-100.0,-100.0,-100.0,-100.0,-100.0,-100.0,-100.0,-100.0,-96.76190476190476,-100.0,-99.0,-92.23809523809524,-89.76190476190476,-100.0,-100.0,-100.0,-100.0,-99.76190476190476,-100.0,-99.76190476190476,-98.14285714285714,-56.57142857142857,-100.0,-100.0,-100.0,-90.9047619047619,-100.0,-83.0952380952381,-100.0,-100.0,-100.0,-81.80952380952381,-100.0,-100.0,-99.42857142857143,-83.28571428571429,-68.14285714285714,-76.71428571428571,-100.0,-100.0,-100.0,-100.0,-100.0,-100.0,-100.0,-100.0,-100.0,-100.0,-100.0,-100.0,-100.0,-100.0,-100.0,-100.0,-100.0,-100.0,-100.0,-100.0,-96.85714285714286,-98.47619047619048,-91.9047619047619,-100.0,-96.61904761904762,-81.66666666666667,-85.80952380952381,-96.23809523809524,-100.0,-100.0,-100.0,-100.0,-100.0,-100.0,-100.0,-100.0,-100.0,-100.0,-100.0,-100.0,-100.0,-100.0,-100.0,-100.0,-100.0,-99.42857142857143,-99.71428571428571,-99.71428571428571,-95.9047619047619,-97.61904761904762,-94.04761904761905,-93.76190476190476,-99.66666666666667,-96.71428571428571,-100.0,-100.0,-100.0,-98.66666666666667,-99.61904761904762,-100.0,-97.61904761904762,-97.42857142857143,-100.0,-100.0,-100.0,-100.0,-100.0,-100.0,-100.0,-100.0,-100.0,-100.0,-100.0,-100.0,-100.0,-100.0,-100.0,-100.0,-100.0,-100.0,-100.0,-100.0,-100.0,-100.0,-100.0,-100.0,-100.0,-100.0,-100.0,-77.80952380952381,-77.38095238095238,-85.0,-96.23809523809524,-96.71428571428571,-100.0,-97.85714285714286,-100.0,-99.0,-100.0,-100.0,-100.0,-100.0,-100.0,-98.80952380952381,-100.0,-100.0,-100.0,-100.0,-100.0,-100.0,-100.0,-100.0,-100.0,-100.0,-100.0,-100.0,-100.0,-100.0,-100.0,-100.0,-100.0,-100.0,-100.0,-100.0,-100.0,-100.0,-100.0,-100.0,-100.0,-100.0,-100.0,-100.0,-100.0,-100.0,-100.0,-100.0,28.791059494018555,62.17705154418945
-100.0,-100.0,-100.0,-99.80851063829788,-100.0,-100.0,-100.0,-100.0,-100.0,-100.0,-100.0,-98.2127659574468,-100.0,-100.0,-100.0,-100.0,-100.0,-100.0,-100.0,-100.0,-100.0,-100.0,-100.0,-100.0,-100.0,-100.0,-100.0,-100.0,-97.76595744680851,-100.0,-100.0,-99.80851063829788,-100.0,-100.0,-100.0,-99.65957446808511,-100.0,-100.0,-100.0,-100.0,-97.70212765957447,-88.06382978723404,-100.0,-100.0,-100.0,-98.0,-100.0,-99.55319148936171,-100.0,-99.38297872340425,-99.87234042553192,-99.14893617021276,-100.0,-100.0,-97.44680851063829,-93.08510638297872,-100.0,-77.42553191489361,-100.0,-85.12765957446808,-100.0,-99.55319148936171,-100.0,-100.0,-94.12765957446808,-100.0,-98.7872340425532,-99.82978723404256,-100.0,-100.0,-100.0,-84.1063829787234,-100.0,-100.0,-100.0,-100.0,-100.0,-100.0,-100.0,-100.0,-85.06382978723404,-78.61702127659575,-100.0,-100.0,-100.0,-96.06382978723404,-100.0,-100.0,-100.0,-94.48936170212765,-96.8936170212766,-100.0,-100.0,-100.0,-100.0,-100.0,-100.0,-100.0,-94.04255319148936,-100.0,-100.0,-100.0,-100.0,-99.48936170212765,-100.0,-100.0,-100.0,-100.0,-100.0,-99.51063829787235,-100.0,-99.85106382978724,-97.36170212765957,-100.0,-100.0,-97.93617021276596,-100.0,-100.0,-100.0,-100.0,-100.0,-100.0,-100.0,-100.0,-100.0,-100.0,-100.0,-100.0,-96.46808510638297,-98.44680851063829,-100.0,-100.0,-99.42553191489361,-100.0,-100.0,-100.0,-99.53191489361703,-100.0,-100.0,-100.0,-100.0,-100.0,-100.0,-100.0,-100.0,-100.0,-100.0,-100.0,-100.0,-100.0,-99.91489361702128,-100.0,-100.0,-100.0,-100.0,-100.0,-100.0,-100.0,-100.0,-100.0,-100.0,-100.0,-100.0,-100.0,-100.0,-88.72340425531915,-100.0,-100.0,-100.0,-100.0,-100.0,-100.0,-100.0,-100.0,-100.0,-100.0,-100.0,-100.0,-100.0,-100.0,-100.0,-100.0,-100.0,-100.0,-100.0,-100.0,-100.0,-100.0,-100.0,-100.0,-100.0,-100.0,-100.0,-100.0,-100.0,-100.0,-100.0,-100.0,-100.0,-100.0,-100.0,-100.0,-100.0,-100.0,-100.0,-100.0,-100.0,-100.0,-100.0,-100.0,-100.0,-100.0,-100.0,-100.0,-100.0,-100.0,-100.0,-100.0,-100.0,-100.0,-100.0,-100.0,-99.72340425531915,-100.0,-100.0,-100.0,-100.0,-100.0,-100.0,-100.0,-100.0,-100.0,-100.0,-100.0,-100.0,-100.0,-100.0,-100.0,-100.0,-100.0,-100.0,-100.0,-100.0,-100.0,-100.0,-100.0,-100.0,-100.0,-100.0,-100.0,-100.0,-100.0,-100.0,-100.0,-100.0,-100.0,-100.0,-100.0,-100.0,-100.0,-100.0,-97.04255319148936,-98.72340425531915,-99.38297872340425,-99.70212765957447,-100.0,-100.0,-100.0,-100.0,-99.42553191489361,-100.0,-100.0,-100.0,-100.0,-100.0,-100.0,-100.0,-99.72340425531915,-100.0,-100.0,-97.57446808510639,-100.0,-100.0,-100.0,-100.0,-100.0,-100.0,-100.0,-100.0,-100.0,-100.0,-100.0,-100.0,-100.0,-100.0,-100.0,-99.63829787234043,-100.0,-99.57446808510639,-100.0,-100.0,-100.0,-100.0,-100.0,-100.0,-100.0,-100.0,-100.0,-100.0,-100.0,-100.0,-100.0,-100.0,-100.0,-100.0,-100.0,-100.0,-100.0,-100.0,-100.0,-100.0,-100.0,-100.0,-99.53191489361703,-99.82978723404256,-100.0,-100.0,-100.0,-99.02127659574468,-100.0,19.648792266845703,-15.69229507446289
-100.0,-100.0,-97.84782608695652,-98.45652173913044,-100.0,-100.0,-100.0,-100.0,-100.0,-100.0,-100.0,-99.30434782608695,-100.0,-100.0,-100.0,-100.0,-99.45652173913044,-100.0,-100.0,-100.0,-100.0,-100.0,-100.0,-99.5,-100.0,-100.0,-100.0,-100.0,-91.6086956521739,-100.0,-100.0,-97.84782608695652,-99.6086956521739,-100.0,-100.0,-98.93478260869566,-100.0,-100.0,-100.0,-100.0,-100.0,-73.0,-100.0,-100.0,-100.0,-92.47826086956522,-100.0,-96.15217391304348,-100.0,-94.56521739130434,-98.58695652173913,-95.78260869565217,-100.0,-100.0,-92.6086956521739,-84.19565217391305,-100.0,-62.45652173913044,-100.0,-86.97826086956522,-99.67391304347827,-96.28260869565217,-99.47826086956522,-100.0,-88.0,-100.0,-96.65217391304348,-98.28260869565217,-99.1304347826087,-100.0,-99.71739130434783,-73.45652173913044,-99.58695652173913,-99.52173913043478,-99.52173913043478,-99.56521739130434,-99.34782608695652,-99.6086956521739,-99.58695652173913,-99.56521739130434,-69.45652173913044,-56.69565217391305,-99.73913043478261,-99.6086956521739,-99.3695652173913,-83.30434782608695,-96.69565217391305,-99.06521739130434,-99.6304347826087,-74.1304347826087,-78.41304347826087,-100.0,-100.0,-99.6086956521739,-99.5,-99.67391304347827,-100.0,-99.1304347826087,-93.52173913043478,-100.0,-100.0,-99.82608695652173,-99.6304347826087,-96.95652173913044,-99.58695652173913,-100.0,-100.0,-99.52173913043478,-98.76086956521739,-97.08695652173913,-100.0,-96.8695652173913,-76.69565217391305,-100.0,-100.0,-82.02173913043478,-100.0,-95.19565217391305,-100.0,-99.45652173913044,-99.8695652173913,-100.0,-100.0,-100.0,-100.0,-100.0,-96.78260869565217,-100.0,-85.28260869565217,-92.95652173913044,-100.0,-99.8913043478261,-85.21739130434783,-100.0,-100.0,-100.0,-90.02173913043478,-100.0,-100.0,-100.0,-100.0,-100.0,-100.0,-100.0,-100.0,-100.0,-100.0,-100.0,-99.41304347826087,-100.0,-98.97826086956522,-100.0,-100.0,-100.0,-100.0,-100.0,-100.0,-100.0,-100.0,-100.0,-100.0,-100.0,-100.0,-100.0,-100.0,-92.8913043478261,-100.0,-100.0,-100.0,-100.0,-100.0,-100.0,-100.0,-100.0,-100.0,-100.0,-100.0,-100.0,-100.0,-99.73913043478261,-100.0,-99.1304347826087,-100.0,-99.32608695652173,-100.0,-100.0,-100.0,-99.58695652173913,-100.0,-100.0,-100.0,-100.0,-100.0,-100.0,-100.0,-100.0,-100.0,-100.0,-100.0,-100.0,-100.0,-100.0,-100.0,-100.0,-100.0,-100.0,-100.0,-100.0,-100.0,-100.0,-100.0,-100.0,-100.0,-100.0,-99.30434782608695,-100.0,-100.0,-100.0,-100.0,-100.0,-100.0,-100.0,-99.06521739130434,-100.0,-100.0,-100.0,-100.0,-100.0,-100.0,-100.0,-100.0,-100.0,-100.0,-100.0,-100.0,-100.0,-100.0,-100.0,-100.0,-100.0,-100.0,-100.0,-100.0,-100.0,-100.0,-100.0,-100.0,-100.0,-100.0,-100.0,-100.0,-100.0,-100.0,-100.0,-100.0,-100.0,-100.0,-100.0,-100.0,-100.0,-100.0,-99.34782608695652,-99.80434782608695,-99.73913043478261,-99.78260869565217,-100.0,-100.0,-100.0,-100.0,-100.0,-100.0,-100.0,-100.0,-100.0,-100.0,-100.0,-100.0,-100.0,-100.0,-100.0,-100.0,-100.0,-100.0,-100.0,-100.0,-100.0,-100.0,-100.0,-100.0,-100.0,-99.43478260869566,-100.0,-100.0,-100.0,-100.0,-100.0,-100.0,-100.0,-100.0,-100.0,-100.0,-100.0,-100.0,-100.0,-100.0,-100.0,-100.0,-100.0,-100.0,-100.0,-100.0,-100.0,-100.0,-100.0,-100.0,-100.0,-100.0,-100.0,-100.0,-100.0,-100.0,-100.0,-100.0,-100.0,-100.0,-100.0,-100.0,-100.0,-100.0,-100.0,18.336530685424805,-13.696613311767578
-100.0,-100.0,-98.87179487179488,-99.58974358974359,-100.0,-100.0,-100.0,-100.0,-100.0,-100.0,-100.0,-100.0,-98.02564102564102,-100.0,-100.0,-97.07692307692308,-99.3076923076923,-100.0,-100.0,-100.0,-100.0,-99.02564102564102,-100.0,-98.76923076923077,-100.0,-100.0,-100.0,-100.0,-100.0,-99.84615384615384,-100.0,-82.71794871794872,-98.35897435897436,-99.51282051282051,-99.35897435897436,-86.51282051282051,-100.0,-100.0,-100.0,-100.0,-100.0,-68.76923076923077,-100.0,-100.0,-100.0,-97.71794871794872,-100.0,-98.97435897435898,-99.43589743589743,-88.58974358974359,-100.0,-98.56410256410257,-100.0,-100.0,-97.48717948717949,-100.0,-100.0,-95.48717948717949,-100.0,-100.0,-100.0,-98.17948717948718,-100.0,-99.58974358974359,-100.0,-98.2051282051282,-94.17948717948718,-99.61538461538461,-95.41025641025641,-97.15384615384616,-100.0,-96.33333333333333,-100.0,-100.0,-100.0,-100.0,-100.0,-100.0,-100.0,-100.0,-99.76923076923077,-99.7948717948718,-99.61538461538461,-100.0,-98.6923076923077,-87.76923076923077,-97.82051282051282,-100.0,-100.0,-100.0,-100.0,-100.0,-100.0,-100.0,-100.0,-100.0,-98.64102564102564,-100.0,-93.05128205128206,-88.87179487179488,-100.0,-100.0,-97.82051282051282,-90.02564102564102,-99.02564102564102,-100.0,-100.0,-100.0,-90.23076923076923,-94.41025641025641,-98.38461538461539,-98.07692307692308,-100.0,-100.0,-100.0,-98.8974358974359,-100.0,-100.0,-100.0,-100.0,-100.0,-100.0,-100.0,-100.0,-100.0,-100.0,-100.0,-100.0,-100.0,-99.74358974358974,-100.0,-99.6923076923077,-100.0,-100.0,-100.0,-100.0,-100.0,-100.0,-100.0,-100.0,-100.0,-100.0,-100.0,-100.0,-100.0,-100.0,-100.0,-100.0,-96.48717948717949,-100.0,-89.82051282051282,-100.0,-100.0,-100.0,-100.0,-100.0,-100.0,-100.0,-90.82051282051282,-99.84615384615384,-100.0,-100.0,-99.28205128205128,-98.2051282051282,-100.0,-100.0,-100.0,-100.0,-100.0,-100.0,-100.0,-100.0,-100.0,-100.0,-100.0,-100.0,-100.0,-99.7948717948718,-100.0,-91.07692307692308,-100.0,-94.25641025641026,-100.0,-86.76923076923077,-100.0,-100.0,-100.0,-85.58974358974359,-100.0,-100.0,-100.0,-100.0,-100.0,-99.7948717948718,-100.0,-100.0,-100.0,-100.0,-100.0,-100.0,-100.0,-100.0,-100.0,-100.0,-100.0,-100.0,-100.0,-100.0,-100.0,-100.0,-100.0,-100.0,-100.0,-100.0,-82.15384615384616,-87.23076923076923,-100.0,-100.0,-100.0,-100.0,-100.0,-100.0,-87.71794871794872,-100.0,-100.0,-100.0,-100.0,-100.0,-100.0,-100.0,-100.0,-100.0,-100.0,-100.0,-100.0,-100.0,-100.0,-100.0,-100.0,-100.0,-100.0,-100.0,-100.0,-100.0,-100.0,-100.0,-100.0,-100.0,-100.0,-100.0,-100.0,-100.0,-100.0,-100.0,-100.0,-100.0,-100.0,-100.0,-100.0,-100.0,-100.0,-100.0,-100.0,-100.0,-100.0,-100.0,-100.0,-100.0,-100.0,-100.0,-100.0,-100.0,-100.0,-100.0,-100.0,-100.0,-100.0,-100.0,-100.0,-100.0,-100.0,-100.0,-100.0,-100.0,-100.0,-100.0,-100.0,-100.0,-100.0,-100.0,-100.0,-100.0,-100.0,-100.0,-100.0,-100.0,-100.0,-100.0,-100.0,-100.0,-100.0,-100.0,-100.0,-100.0,-100.0,-100.0,-100.0,-100.0,-100.0,-100.0,-100.0,-100.0,-100.0,-100.0,-100.0,-100.0,-100.0,-100.0,-100.0,-100.0,-100.0,-100.0,-100.0,-100.0,-100.0,-100.0,-100.0,-100.0,-100.0,-100.0,-2.5432417392730713,3.891977071762085
-100.0,-100.0,-99.0,-99.30232558139535,-100.0,-100.0,-98.37209302325581,-100.0,-100.0,-100.0,-100.0,-100.0,-80.09302325581395,-93.20930232558139,-92.3953488372093,-73.5813953488372,-98.79069767441861,-100.0,-100.0,-99.67441860465117,-100.0,-90.06976744186046,-100.0,-76.11627906976744,-100.0,-100.0,-100.0,-100.0,-100.0,-91.32558139534883,-100.0,-66.55813953488372,-85.27906976744185,-97.79069767441861,-99.3953488372093,-78.30232558139535,-98.81395348837209,-100.0,-100.0,-100.0,-100.0,-67.44186046511628,-100.0,-100.0,-100.0,-94.25581395348837,-93.88372093023256,-96.23255813953489,-94.20930232558139,-83.62790697674419,-100.0,-96.32558139534883,-96.93023255813954,-98.23255813953489,-96.25581395348837,-100.0,-98.51162790697674,-97.5813953488372,-95.23255813953489,-100.0,-100.0,-95.74418604651163,-100.0,-100.0,-100.0,-92.18604651162791,-97.86046511627907,-100.0,-97.04651162790698,-90.5813953488372,-100.0,-97.81395348837209,-100.0,-100.0,-97.51162790697674,-98.93023255813954,-99.5813953488372,-99.46511627906976,-98.81395348837209,-99.74418604651163,-98.25581395348837,-97.88372093023256,-99.32558139534883,-100.0,-87.4186046511628,-94.93023255813954,-97.44186046511628,-99.69767441860465,-100.0,-100.0,-100.0,-99.13953488372093,-99.79069767441861,-87.09302325581395,-99.79069767441861,-98.79069767441861,-74.11627906976744,-98.79069767441861,-95.81395348837209,-74.6046511627907,-99.65116279069767,-100.0,-78.72093023255815,-81.16279069767442,-97.97674418604652,-99.76744186046511,-98.46511627906976,-99.55813953488372,-84.53488372093024,-97.93023255813954,-79.25581395348837,-99.4186046511628,-100.0,-100.0,-100.0,-99.30232558139535,-100.0,-100.0,-74.69767441860465,-98.79069767441861,-100.0,-100.0,-99.32558139534883,-100.0,-84.23255813953489,-100.0,-100.0,-97.90697674418605,-100.0,-99.62790697674419,-100.0,-99.67441860465117,-100.0,-99.86046511627907,-99.55813953488372,-100.0,-100.0,-99.44186046511628,-100.0,-100.0,-98.37209302325581,-100.0,-100.0,-100.0,-100.0,-100.0,-100.0,-100.0,-98.62790697674419,-100.0,-75.11627906976744,-100.0,-100.0,-100.0,-98.97674418604652,-100.0,-100.0,-100.0,-84.27906976744185,-96.5813953488372,-100.0,-99.13953488372093,-94.5813953488372,-96.02325581395348,-100.0,-100.0,-100.0,-100.0,-99.18604651162791,-100.0,-100.0,-100.0,-98.95348837209302,-100.0,-100.0,-100.0,-100.0,-79.97674418604652,-100.0,-86.86046511627907,-100.0,-74.23255813953489,-100.0,-64.11627906976744,-100.0,-100.0,-100.0,-69.27906976744185,-100.0,-100.0,-99.55813953488372,-100.0,-98.51162790697674,-85.34883720930233,-100.0,-100.0,-100.0,-100.0,-100.0,-100.0,-100.0,-100.0,-100.0,-100.0,-100.0,-100.0,-100.0,-100.0,-100.0,-100.0,-100.0,-100.0,-100.0,-100.0,-68.11627906976744,-77.55813953488372,-99.20930232558139,-100.0,-100.0,-94.30232558139535,-95.37209302325581,-100.0,-79.25581395348837,-99.34883720930233,-99.76744186046511,-100.0,-98.06976744186046,-98.32558139534883,-100.0,-100.0,-100.0,-100.0,-100.0,-100.0,-100.0,-100.0,-100.0,-100.0,-100.0,-100.0,-100.0,-100.0,-100.0,-100.0,-100.0,-100.0,-100.0,-100.0,-100.0,-100.0,-100.0,-100.0,-100.0,-100.0,-100.0,-100.0,-100.0,-100.0,-100.0,-100.0,-100.0,-100.0,-100.0,-100.0,-100.0,-100.0,-100.0,-100.0,-100.0,-100.0,-100.0,-100.0,-100.0,-100.0,-100.0,-100.0,-100.0,-100.0,-100.0,-100.0,-100.0,-100.0,-100.0,-99.3953488372093,-91.90697674418605,-94.27906976744185,-100.0,-100.0,-100.0,-100.0,-100.0,-100.0,-100.0,-100.0,-100.0,-98.74418604651163,-100.0,-100.0,-100.0,-100.0,-100.0,-100.0,-100.0,-100.0,-100.0,-100.0,-100.0,-100.0,-100.0,-100.0,-100.0,-100.0,-100.0,-100.0,-100.0,-100.0,-100.0,-100.0,-100.0,-100.0,-100.0,-100.0,-100.0,-100.0,-100.0,-100.0,-100.0,-100.0,-100.0,-100.0,-9.883237838745117,5.673015117645264
-100.0,-100.0,-82.63636363636364,-87.4090909090909,-100.0,-100.0,-91.77272727272727,-100.0,-100.0,-100.0,-100.0,-100.0,-78.36363636363636,-82.63636363636364,-79.95454545454545,-75.5909090909091,-76.77272727272727,-100.0,-100.0,-98.4090909090909,-100.0,-82.27272727272727,-100.0,-67.18181818181819,-100.0,-100.0,-100.0,-100.0,-100.0,-66.68181818181819,-100.0,-72.77272727272727,-73.4090909090909,-100.0,-88.31818181818181,-77.72727272727273,-96.86363636363636,-100.0,-100.0,-100.0,-100.0,-86.72727272727273,-100.0,-100.0,-100.0,-100.0,-77.81818181818181,-100.0,-69.63636363636364,-94.31818181818181,-100.0,-99.27272727272727,-83.45454545454545,-83.95454545454545,-100.0,-100.0,-89.81818181818181,-99.18181818181819,-75.72727272727273,-100.0,-100.0,-99.31818181818181,-100.0,-100.0,-100.0,-100.0,-100.0,-100.0,-99.36363636363636,-98.81818181818181,-100.0,-100.0,-100.0,-100.0,-99.04545454545455,-100.0,-100.0,-98.95454545454545,-100.0,-100.0,-100.0,-100.0,-99.36363636363636,-100.0,-95.72727272727273,-100.0,-100.0,-99.4090909090909,-100.0,-100.0,-100.0,-100.0,-100.0,-94.77272727272727,-100.0,-100.0,-94.4090909090909,-100.0,-99.18181818181819,-94.9090909090909,-100.0,-100.0,-92.0909090909091,-98.81818181818181,-98.63636363636364,-100.0,-96.18181818181819,-99.13636363636364,-100.0,-100.0,-93.31818181818181,-100.0,-100.0,-100.0,-100.0,-100.0,-100.0,-100.0,-89.4090909090909,-100.0,-100.0,-100.0,-100.0,-100.0,-89.81818181818181,-100.0,-100.0,-100.0,-100.0,-99.63636363636364,-100.0,-99.36363636363636,-100.0,-100.0,-100.0,-100.0,-100.0,-100.0,-100.0,-100.0,-98.77272727272727,-100.0,-100.0,-100.0,-100.0,-100.0,-100.0,-100.0,-99.63636363636364,-100.0,-71.0909090909091,-100.0,-100.0,-100.0,-97.04545454545455,-100.0,-100.0,-100.0,-97.36363636363636,-78.31818181818181,-100.0,-99.36363636363636,-75.31818181818181,-80.54545454545455,-100.0,-100.0,-100.0,-100.0,-100.0,-100.0,-100.0,-100.0,-100.0,-100.0,-100.0,-100.0,-100.0,-84.9090909090909,-100.0,-95.77272727272727,-100.0,-68.77272727272727,-100.0,-57.40909090909091,-100.0,-100.0,-100.0,-63.72727272727273,-100.0,-100.0,-100.0,-100.0,-99.22727272727273,-87.4090909090909,-100.0,-100.0,-100.0,-100.0,-100.0,-100.0,-100.0,-100.0,-100.0,-100.0,-100.0,-100.0,-100.0,-100.0,-100.0,-100.0,-100.0,-100.0,-100.0,-100.0,-68.72727272727273,-75.95454545454545,-99.4090909090909,-100.0,-100.0,-97.31818181818181,-96.27272727272727,-100.0,-93.5,-100.0,-100.0,-100.0,-100.0,-100.0,-100.0,-100.0,-100.0,-100.0,-100.0,-100.0,-100.0,-100.0,-100.0,-100.0,-100.0,-100.0,-100.0,-100.0,-100.0,-100.0,-100.0,-100.0,-100.0,-100.0,-100.0,-100.0,-100.0,-100.0,-100.0,-100.0,-100.0,-100.0,-100.0,-100.0,-100.0,-100.0,-100.0,-100.0,-100.0,-100.0,-100.0,-100.0,-100.0,-100.0,-100.0,-100.0,-100.0,-100.0,-100.0,-100.0,-100.0,-100.0,-100.0,-100.0,-100.0,-100.0,-100.0,-100.0,-100.0,-100.0,-97.5909090909091,-97.5,-100.0,-100.0,-100.0,-100.0,-100.0,-100.0,-100.0,-100.0,-100.0,-100.0,-100.0,-100.0,-100.0,-100.0,-100.0,-100.0,-100.0,-100.0,-100.0,-100.0,-100.0,-100.0,-100.0,-100.0,-100.0,-100.0,-100.0,-100.0,-100.0,-100.0,-100.0,-100.0,-100.0,-100.0,-100.0,-100.0,-100.0,-100.0,-100.0,-100.0,-100.0,-100.0,-100.0,-100.0,-10.349812507629395,-6.602462291717529
-100.0,-100.0,-79.55,-84.6,-100.0,-100.0,-91.8,-100.0,-100.0,-100.0,-100.0,-100.0,-82.65,-73.05,-70.05,-78.9,-77.3,-100.0,-100.0,-98.25,-100.0,-82.4,-100.0,-70.6,-100.0,-100.0,-100.0,-100.0,-100.0,-64.45,-100.0,-72.1,-79.85,-99.75,-86.15,-80.75,-97.9,-100.0,-100.0,-100.0,-100.0,-86.45,-100.0,-100.0,-100.0,-100.0,-80.35,-100.0,-67.8,-96.3,-100.0,-99.2,-78.45,-83.2,-100.0,-100.0,-88.8,-99.1,-70.85,-100.0,-100.0,-99.25,-100.0,-100.0,-100.0,-100.0,-100.0,-100.0,-99.3,-98.7,-100.0,-100.0,-100.0,-100.0,-98.95,-100.0,-100.0,-98.85,-100.0,-100.0,-100.0,-100.0,-99.3,-100.0,-96.9,-99.4,-100.0,-99.35,-100.0,-100.0,-100.0,-100.0,-100.0,-95.1,-100.0,-100.0,-93.7,-100.0,-97.15,-96.55,-100.0,-100.0,-92.25,-98.7,-99.1,-100.0,-96.4,-99.05,-100.0,-100.0,-93.35,-100.0,-100.0,-100.0,-100.0,-100.0,-100.0,-100.0,-90.4,-100.0,-100.0,-100.0,-100.0,-100.0,-92.35,-100.0,-100.0,-100.0,-100.0,-100.0,-100.0,-99.3,-100.0,-100.0,-100.0,-100.0,-100.0,-100.0,-100.0,-100.0,-99.2,-100.0,-100.0,-100.0,-100.0,-100.0,-100.0,-100.0,-100.0,-100.0,-70.5,-100.0,-100.0,-100.0,-97.75,-100.0,-100.0,-100.0,-97.95,-76.65,-100.0,-100.0,-76.25,-84.4,-100.0,-100.0,-100.0,-100.0,-100.0,-100.0,-100.0,-100.0,-100.0,-100.0,-100.0,-100.0,-100.0,-83.35,-100.0,-97.9,-100.0,-67.65,-100.0,-56.2,-100.0,-100.0,-100.0,-63.75,-100.0,-100.0,-100.0,-100.0,-99.15,-85.9,-100.0,-100.0,-100.0,-100.0,-100.0,-100.0,-100.0,-100.0,-100.0,-100.0,-100.0,-100.0,-100.0,-100.0,-100.0,-100.0,-100.0,-100.0,-100.0,-100.0,-68.7,-75.5,-100.0,-100.0,-100.0,-98.7,-97.6,-100.0,-94.15,-100.0,-100.0,-100.0,-100.0,-100.0,-100.0,-100.0,-100.0,-100.0,-100.0,-100.0,-100.0,-100.0,-100.0,-100.0,-100.0,-100.0,-100.0,-100.0,-100.0,-100.0,-100.0,-100.0,-100.0,-100.0,-100.0,-100.0,-100.0,-100.0,-100.0,-100.0,-100.0,-100.0,-100.0,-100.0,-100.0,-100.0,-100.0,-100.0,-100.0,-100.0,-100.0,-100.0,-100.0,-100.0,-100.0,-100.0,-100.0,-100.0,-100.0,-100.0,-100.0,-100.0,-100.0,-100.0,-100.0,-100.0,-100.0,-100.0,-100.0,-100.0,-98.0,-97.9,-100.0,-100.0,-100.0,-100.0,-100.0,-100.0,-100.0,-100.0,-100.0,-100.0,-100.0,-100.0,-100.0,-100.0,-100.0,-100.0,-100.0,-100.0,-100.0,-100.0,-100.0,-100.0,-100.0,-100.0,-100.0,-100.0,-100.0,-100.0,-100.0,-100.0,-100.0,-100.0,-100.0,-100.0,-100.0,-100.0,-100.0,-100.0,-100.0,-100.0,-100.0,-100.0,-100.0,-100.0,-12.89412784576416,-10.318127632141113
-100.0,-100.0,-92.35,-94.05,-100.0,-100.0,-87.0,-100.0,-99.75,-100.0,-100.0,-100.0,-75.1,-82.45,-79.1,-67.8,-89.05,-100.0,-100.0,-98.9,-100.0,-82.65,-100.0,-67.65,-100.0,-100.0,-100.0,-100.0,-100.0,-70.3,-100.0,-62.05,-76.7,-100.0,-93.1,-67.35,-95.55,-100.0,-100.0,-100.0,-100.0,-82.6,-100.0,-100.0,-100.0,-100.0,-75.4,-99.55,-75.35,-90.6,-100.0,-99.2,-87.45,-86.85,-100.0,-100.0,-91.85,-99.1,-82.35,-100.0,-100.0,-99.25,-100.0,-100.0,-100.0,-100.0,-99.35,-100.0,-99.3,-98.7,-100.0,-100.0,-100.0,-100.0,-98.45,-99.5,-100.0,-98.85,-100.0,-100.0,-100.0,-99.45,-99.3,-100.0,-90.95,-98.3,-100.0,-99.35,-100.0,-100.0,-100.0,-100.0,-100.0,-91.75,-100.0,-99.55,-83.05,-99.7,-98.6,-90.85,-100.0,-100.0,-87.25,-92.55,-97.9,-100.0,-95.9,-99.05,-94.95,-99.25,-88.4,-100.0,-100.0,-100.0,-100.0,-100.0,-100.0,-100.0,-77.35,-100.0,-100.0,-100.0,-100.0,-100.0,-81.05,-100.0,-100.0,-100.0,-100.0,-99.2,-100.0,-99.3,-100.0,-100.0,-100.0,-100.0,-100.0,-100.0,-100.0,-100.0,-98.1,-100.0,-100.0,-100.0,-100.0,-100.0,-100.0,-100.0,-99.2,-100.0,-70.05,-100.0,-100.0,-100.0,-95.85,-100.0,-100.0,-100.0,-95.05,-81.9,-100.0,-98.6,-79.45,-87.4,-100.0,-100.0,-100.0,-100.0,-100.0,-100.0,-100.0,-100.0,-100.0,-100.0,-100.0,-100.0,-100.0,-74.6,-100.0,-91.65,-100.0,-70.85,-100.0,-49.9,-100.0,-100.0,-100.0,-59.65,-100.0,-100.0,-100.0,-99.5,-99.15,-85.9,-100.0,-100.0,-100.0,-100.0,-100.0,-100.0,-100.0,-100.0,-100.0,-100.0,-100.0,-100.0,-100.0,-100.0,-100.0,-100.0,-100.0,-100.0,-100.0,-100.0,-61.9,-70.75,-98.7,-100.0,-100.0,-96.6,-95.4,-100.0,-88.25,-100.0,-100.0,-100.0,-100.0,-100.0,-100.0,-100.0,-100.0,-100.0,-100.0,-100.0,-100.0,-100.0,-100.0,-100.0,-100.0,-100.0,-100.0,-100.0,-100.0,-100.0,-100.0,-100.0,-100.0,-100.0,-100.0,-100.0,-100.0,-100.0,-100.0,-100.0,-100.0,-100.0,-100.0,-100.0,-100.0,-100.0,-100.0,-100.0,-100.0,-100.0,-100.0,-100.0,-100.0,-100.0,-100.0,-100.0,-100.0,-100.0,-100.0,-100.0,-100.0,-100.0,-100.0,-100.0,-100.0,-100.0,-100.0,-100.0,-100.0,-100.0,-96.4,-98.0,-100.0,-100.0,-100.0,-100.0,-100.0,-100.0,-100.0,-100.0,-100.0,-100.0,-100.0,-100.0,-100.0,-100.0,-100.0,-100.0,-100.0,-100.0,-100.0,-100.0,-100.0,-100.0,-100.0,-100.0,-100.0,-100.0,-100.0,-100.0,-100.0,-100.0,-100.0,-100.0,-100.0,-100.0,-100.0,-100.0,-100.0,-100.0,-100.0,-100.0,-100.0,-100.0,-100.0,-100.0,-15.747955322265625,-2.895787477493286
-100.0,-99.27272727272727,-93.0909090909091,-93.4090909090909,-100.0,-100.0,-84.5909090909091,-100.0,-100.0,-100.0,-100.0,-100.0,-76.63636363636364,-80.22727272727273,-79.13636363636364,-67.31818181818181,-86.63636363636364,-100.0,-100.0,-98.4090909090909,-100.0,-77.68181818181819,-100.0,-62.54545454545455,-100.0,-100.0,-100.0,-100.0,-100.0,-64.0909090909091,-100.0,-71.9090909090909,-71.13636363636364,-100.0,-91.36363636363636,-80.22727272727273,-97.18181818181819,-100.0,-100.0,-100.0,-100.0,-85.54545454545455,-100.0,-100.0,-99.72727272727273,-100.0,-79.63636363636364,-100.0,-69.18181818181819,-92.18181818181819,-100.0,-100.0,-86.86363636363636,-86.0909090909091,-100.0,-100.0,-91.0909090909091,-99.18181818181819,-82.4090909090909,-100.0,-100.0,-99.31818181818181,-100.0,-100.0,-100.0,-100.0,-100.0,-100.0,-100.0,-100.0,-100.0,-100.0,-100.0,-100.0,-100.0,-100.0,-100.0,-100.0,-100.0,-100.0,-100.0,-100.0,-99.36363636363636,-100.0,-92.0,-99.5909090909091,-100.0,-100.0,-100.0,-100.0,-100.0,-100.0,-100.0,-91.45454545454545,-100.0,-99.4090909090909,-80.63636363636364,-99.5,-99.18181818181819,-94.54545454545455,-100.0,-100.0,-82.27272727272727,-95.31818181818181,-98.31818181818181,-100.0,-97.45454545454545,-100.0,-99.27272727272727,-100.0,-87.63636363636364,-100.0,-100.0,-100.0,-100.0,-100.0,-100.0,-100.0,-77.4090909090909,-100.0,-100.0,-100.0,-100.0,-100.0,-82.13636363636364,-100.0,-100.0,-99.45454545454545,-100.0,-100.0,-99.5909090909091,-100.0,-100.0,-99.0909090909091,-99.77272727272727,-100.0,-100.0,-100.0,-100.0,-100.0,-100.0,-100.0,-100.0,-100.0,-100.0,-100.0,-100.0,-100.0,-100.0,-100.0,-70.9090909090909,-100.0,-100.0,-100.0,-97.0,-100.0,-100.0,-100.0,-96.31818181818181,-81.22727272727273,-100.0,-100.0,-75.63636363636364,-84.13636363636364,-100.0,-100.0,-100.0,-100.0,-100.0,-100.0,-100.0,-100.0,-100.0,-100.0,-100.0,-100.0,-100.0,-78.13636363636364,-100.0,-97.18181818181819,-100.0,-69.63636363636364,-100.0,-62.31818181818182,-100.0,-100.0,-100.0,-65.95454545454545,-100.0,-100.0,-100.0,-100.0,-99.5909090909091,-82.13636363636364,-100.0,-100.0,-100.0,-100.0,-100.0,-100.0,-100.0,-100.0,-100.0,-100.0,-100.0,-100.0,-100.0,-100.0,-100.0,-100.0,-100.0,-100.0,-100.0,-100.0,-70.63636363636364,-77.86363636363636,-100.0,-100.0,-100.0,-97.18181818181819,-96.77272727272727,-100.0,-93.54545454545455,-100.0,-100.0,-100.0,-100.0,-100.0,-100.0,-100.0,-100.0,-100.0,-100.0,-100.0,-100.0,-100.0,-100.0,-100.0,-100.0,-100.0,-100.0,-100.0,-100.0,-100.0,-100.0,-100.0,-100.0,-100.0,-100.0,-100.0,-100.0,-100.0,-100.0,-100.0,-100.0,-100.0,-100.0,-100.0,-100.0,-100.0,-100.0,-100.0,-100.0,-100.0,-100.0,-100.0,-100.0,-100.0,-100.0,-100.0,-100.0,-100.0,-100.0,-100.0,-100.0,-100.0,-100.0,-100.0,-100.0,-100.0,-100.0,-100.0,-100.0,-100.0,-95.86363636363636,-97.31818181818181,-100.0,-100.0,-100.0,-100.0,-100.0,-100.0,-100.0,-100.0,-100.0,-100.0,-100.0,-100.0,-100.0,-100.0,-100.0,-100.0,-100.0,-100.0,-100.0,-100.0,-100.0,-100.0,-100.0,-100.0,-100.0,-100.0,-100.0,-100.0,-100.0,-100.0,-100.0,-100.0,-100.0,-100.0,-100.0,-100.0,-100.0,-100.0,-100.0,-100.0,-100.0,-100.0,-100.0,-100.0,-18.2967472076416,-6.618886470794678
-100.0,-93.5609756097561,-95.2439024390244,-96.53658536585365,-99.14634146341463,-98.95121951219512,-78.04878048780488,-95.58536585365853,-95.65853658536585,-100.0,-100.0,-100.0,-68.07317073170732,-79.3170731707317,-73.60975609756098,-59.5609756097561,-95.6829268292683,-100.0,-100.0,-95.4390243902439,-99.48780487804878,-73.4390243902439,-100.0,-56.5609756097561,-100.0,-100.0,-99.1219512195122,-100.0,-99.29268292682927,-65.6829268292683,-100.0,-79.34146341463415,-75.60975609756098,-99.51219512195122,-97.17073170731707,-84.02439024390245,-97.90243902439025,-99.73170731707317,-100.0,-100.0,-100.0,-86.85365853658537,-99.73170731707317,-100.0,-99.1219512195122,-99.63414634146342,-76.97560975609755,-100.0,-72.29268292682927,-91.3170731707317,-100.0,-99.5609756097561,-85.21951219512195,-88.6829268292683,-100.0,-100.0,-89.82926829268293,-99.63414634146342,-81.26829268292683,-100.0,-100.0,-100.0,-100.0,-100.0,-100.0,-100.0,-100.0,-100.0,-100.0,-99.4390243902439,-100.0,-100.0,-100.0,-100.0,-99.82926829268293,-99.82926829268293,-100.0,-100.0,-100.0,-100.0,-100.0,-100.0,-99.48780487804878,-100.0,-91.7560975609756,-99.6829268292683,-100.0,-100.0,-100.0,-100.0,-100.0,-95.4390243902439,-100.0,-88.46341463414635,-100.0,-95.8780487804878,-79.85365853658537,-99.1219512195122,-99.78048780487805,-96.7560975609756,-100.0,-100.0,-86.09756097560975,-94.6829268292683,-98.1951219512195,-100.0,-99.39024390243902,-100.0,-94.41463414634147,-99.6829268292683,-85.82926829268293,-100.0,-100.0,-100.0,-100.0,-100.0,-100.0,-100.0,-74.34146341463415,-100.0,-100.0,-100.0,-99.78048780487805,-100.0,-84.3170731707317,-100.0,-100.0,-99.58536585365853,-100.0,-100.0,-100.0,-100.0,-100.0,-99.73170731707317,-99.85365853658537,-100.0,-100.0,-100.0,-100.0,-100.0,-99.70731707317073,-99.8048780487805,-100.0,-100.0,-100.0,-100.0,-100.0,-100.0,-100.0,-100.0,-74.34146341463415,-100.0,-100.0,-99.17073170731707,-98.5609756097561,-100.0,-99.46341463414635,-100.0,-96.09756097560975,-80.70731707317073,-100.0,-99.70731707317073,-85.09756097560975,-91.65853658536585,-100.0,-100.0,-100.0,-99.5609756097561,-98.95121951219512,-100.0,-100.0,-100.0,-100.0,-100.0,-100.0,-100.0,-100.0,-76.7560975609756,-100.0,-98.36585365853658,-100.0,-81.51219512195122,-100.0,-65.07317073170732,-100.0,-100.0,-100.0,-68.29268292682927,-100.0,-100.0,-100.0,-99.04878048780488,-100.0,-83.2439024390244,-100.0,-100.0,-100.0,-100.0,-100.0,-100.0,-100.0,-100.0,-100.0,-100.0,-100.0,-100.0,-100.0,-100.0,-100.0,-100.0,-100.0,-100.0,-100.0,-100.0,-79.29268292682927,-85.21951219512195,-99.5609756097561,-100.0,-100.0,-97.46341463414635,-97.07317073170732,-100.0,-95.53658536585365,-100.0,-100.0,-100.0,-100.0,-100.0,-100.0,-100.0,-100.0,-100.0,-100.0,-100.0,-100.0,-100.0,-100.0,-100.0,-100.0,-100.0,-100.0,-100.0,-100.0,-100.0,-100.0,-100.0,-100.0,-100.0,-100.0,-100.0,-100.0,-100.0,-100.0,-100.0,-100.0,-100.0,-100.0,-100.0,-100.0,-100.0,-100.0,-100.0,-100.0,-100.0,-100.0,-100.0,-100.0,-100.0,-100.0,-100.0,-100.0,-100.0,-100.0,-100.0,-100.0,-100.0,-100.0,-100.0,-100.0,-100.0,-100.0,-100.0,-100.0,-100.0,-94.02439024390245,-95.48780487804878,-99.1219512195122,-99.2439024390244,-100.0,-100.0,-100.0,-100.0,-100.0,-100.0,-100.0,-100.0,-100.0,-100.0,-100.0,-100.0,-100.0,-100.0,-100.0,-100.0,-100.0,-100.0,-100.0,-100.0,-100.0,-100.0,-100.0,-100.0,-100.0,-100.0,-99.7560975609756,-99.7560975609756,-100.0,-100.0,-100.0,-100.0,-100.0,-100.0,-100.0,-100.0,-100.0,-100.0,-100.0,-100.0,-100.0,-100.0,-22.854711532592773,-13.278023719787598
